# step, loss function, Y0, learning rate, running time
0.000000000000000000e+00,4.239212369554475117e+03,2.955690754000872555e+00,1.000000000000000000e+00,2.069415807723999023e+01
1.000000000000000000e+00,3.794384810536453642e+03,3.955690751685249307e+00,1.000000000000000000e+00,2.078765320777893066e+01
2.000000000000000000e+00,3.559070023646083428e+03,4.953536174837162243e+00,1.000000000000000000e+00,2.088463044166564941e+01
3.000000000000000000e+00,3.366241059158679491e+03,5.948975261980550044e+00,1.000000000000000000e+00,2.097409510612487793e+01
4.000000000000000000e+00,3.179537737912885405e+03,6.941601669658783891e+00,1.000000000000000000e+00,2.106655359268188477e+01
5.000000000000000000e+00,2.553189896007704192e+03,7.930278433011906714e+00,1.000000000000000000e+00,2.115481662750244141e+01
6.000000000000000000e+00,1.918200334314027259e+03,8.908357369634599010e+00,1.000000000000000000e+00,2.124047088623046875e+01
7.000000000000000000e+00,2.143879515702382378e+03,9.867823726028680298e+00,1.000000000000000000e+00,2.132657647132873535e+01
8.000000000000000000e+00,1.771829654232700705e+03,1.081393360248251767e+01,1.000000000000000000e+00,2.141219973564147949e+01
9.000000000000000000e+00,1.900220268863798083e+03,1.174025512500266366e+01,1.000000000000000000e+00,2.150208878517150879e+01
1.000000000000000000e+01,1.799973695182006395e+03,1.265071903698221689e+01,1.000000000000000000e+00,2.159453082084655762e+01
1.100000000000000000e+01,1.269647018377864924e+03,1.354726315967404027e+01,1.000000000000000000e+00,2.168509769439697266e+01
1.200000000000000000e+01,1.362096687124462960e+03,1.440862438133397205e+01,1.000000000000000000e+00,2.177078247070312500e+01
1.300000000000000000e+01,1.439792186371124899e+03,1.524126020941469761e+01,1.000000000000000000e+00,2.185773015022277832e+01
1.400000000000000000e+01,1.680829945079855406e+03,1.604583822263048631e+01,1.000000000000000000e+00,2.194119048118591309e+01
1.500000000000000000e+01,1.658438661247159871e+03,1.681851224904725939e+01,1.000000000000000000e+00,2.202760696411132812e+01
1.600000000000000000e+01,1.058262793634902664e+03,1.758026247458129632e+01,1.000000000000000000e+00,2.211315417289733887e+01
1.700000000000000000e+01,1.692163564241772292e+03,1.831699846943525856e+01,1.000000000000000000e+00,2.219763755798339844e+01
1.800000000000000000e+01,1.222916536041353083e+03,1.903690806891097509e+01,1.000000000000000000e+00,2.228414106369018555e+01
1.900000000000000000e+01,1.578037366275890690e+03,1.972468865444243491e+01,1.000000000000000000e+00,2.236932468414306641e+01
2.000000000000000000e+01,1.766336037140305280e+03,2.039276593510116697e+01,1.000000000000000000e+00,2.245544147491455078e+01
2.100000000000000000e+01,1.765745075475926797e+03,2.102030220157822882e+01,1.000000000000000000e+00,2.253948187828063965e+01
2.200000000000000000e+01,1.871470185018150460e+03,2.162392580903498640e+01,1.000000000000000000e+00,2.262589836120605469e+01
2.300000000000000000e+01,1.485728911524303157e+03,2.221830347863913246e+01,1.000000000000000000e+00,2.271554064750671387e+01
2.400000000000000000e+01,2.173216335728361628e+03,2.275144832042521870e+01,1.000000000000000000e+00,2.280260419845581055e+01
2.500000000000000000e+01,2.135061994829053674e+03,2.327839771689378168e+01,1.000000000000000000e+00,2.288659334182739258e+01
2.600000000000000000e+01,1.683586510620198624e+03,2.379798246133765716e+01,1.000000000000000000e+00,2.297252035140991211e+01
2.700000000000000000e+01,1.339050389825555612e+03,2.427752808250365746e+01,1.000000000000000000e+00,2.305691432952880859e+01
2.800000000000000000e+01,1.118990610552784347e+03,2.473461480952479974e+01,1.000000000000000000e+00,2.314548921585083008e+01
2.900000000000000000e+01,1.370405853083548436e+03,2.518752646388821148e+01,1.000000000000000000e+00,2.323253774642944336e+01
3.000000000000000000e+01,1.245335452895851859e+03,2.564144323966285199e+01,1.000000000000000000e+00,2.331697344779968262e+01
3.100000000000000000e+01,1.125949000805548394e+03,2.608469130162556482e+01,1.000000000000000000e+00,2.340805006027221680e+01
3.200000000000000000e+01,1.532773450450401924e+03,2.649947934262490534e+01,1.000000000000000000e+00,2.349846744537353516e+01
3.300000000000000000e+01,1.074014069994801957e+03,2.692381441570946166e+01,1.000000000000000000e+00,2.358391714096069336e+01
3.400000000000000000e+01,9.805201647295526755e+02,2.735950642884299100e+01,1.000000000000000000e+00,2.367041492462158203e+01
3.500000000000000000e+01,1.838114984392042288e+03,2.779871413460366369e+01,1.000000000000000000e+00,2.375646853446960449e+01
3.600000000000000000e+01,6.132893020721497805e+02,2.827072137495001769e+01,1.000000000000000000e+00,2.384136795997619629e+01
3.700000000000000000e+01,1.036089642724271471e+03,2.872165142624164957e+01,1.000000000000000000e+00,2.392510724067687988e+01
3.800000000000000000e+01,1.706214661439819338e+03,2.917158081628653221e+01,1.000000000000000000e+00,2.400999236106872559e+01
3.900000000000000000e+01,8.462321590101171296e+02,2.963667645193444855e+01,1.000000000000000000e+00,2.409352254867553711e+01
4.000000000000000000e+01,9.428562748406043283e+02,3.011024591786738469e+01,1.000000000000000000e+00,2.418059659004211426e+01
4.100000000000000000e+01,1.241630511237234032e+03,3.059380563715691537e+01,1.000000000000000000e+00,2.426692652702331543e+01
4.200000000000000000e+01,1.421084467680730995e+03,3.109052461835299397e+01,1.000000000000000000e+00,2.435134911537170410e+01
4.300000000000000000e+01,1.026632994839771072e+03,3.161362644781562992e+01,1.000000000000000000e+00,2.444376611709594727e+01
4.400000000000000000e+01,9.345387291089120936e+02,3.215792545785149059e+01,1.000000000000000000e+00,2.452830004692077637e+01
4.500000000000000000e+01,1.068640834407089187e+03,3.268989677254636916e+01,1.000000000000000000e+00,2.461408829689025879e+01
4.600000000000000000e+01,8.950334682255083862e+02,3.322398766633689604e+01,1.000000000000000000e+00,2.470516562461853027e+01
4.700000000000000000e+01,7.229943764834556532e+02,3.376375331052933859e+01,1.000000000000000000e+00,2.478960371017456055e+01
4.800000000000000000e+01,6.366397781959798294e+02,3.429951864923828708e+01,1.000000000000000000e+00,2.487754893302917480e+01
4.900000000000000000e+01,9.753952790962426889e+02,3.482222848781510294e+01,1.000000000000000000e+00,2.496434569358825684e+01
5.000000000000000000e+01,7.249997898213110830e+02,3.535613171208322569e+01,1.000000000000000000e+00,2.504952979087829590e+01
5.100000000000000000e+01,7.975062277282283958e+02,3.589150432969206150e+01,1.000000000000000000e+00,2.513688230514526367e+01
5.200000000000000000e+01,8.528095022241358265e+02,3.643251326262117118e+01,1.000000000000000000e+00,2.522176551818847656e+01
5.300000000000000000e+01,5.787646158249735890e+02,3.698380451875006258e+01,1.000000000000000000e+00,2.530911850929260254e+01
5.400000000000000000e+01,7.222561261811626991e+02,3.752224459626207675e+01,1.000000000000000000e+00,2.539435219764709473e+01
5.500000000000000000e+01,9.353026127634581144e+02,3.805538336751260431e+01,1.000000000000000000e+00,2.548169374465942383e+01
5.600000000000000000e+01,6.983920147603706710e+02,3.859650821859616343e+01,1.000000000000000000e+00,2.556692004203796387e+01
5.700000000000000000e+01,7.404106256745743622e+02,3.912644192396687259e+01,1.000000000000000000e+00,2.565234446525573730e+01
5.800000000000000000e+01,7.538009312298333953e+02,3.965506161795912021e+01,1.000000000000000000e+00,2.573681330680847168e+01
5.900000000000000000e+01,6.100370674402639679e+02,4.017599889261212809e+01,1.000000000000000000e+00,2.582221150398254395e+01
6.000000000000000000e+01,7.729300281076523333e+02,4.069013219790407021e+01,1.000000000000000000e+00,2.590606141090393066e+01
6.100000000000000000e+01,7.616477759169116553e+02,4.120384400189113450e+01,1.000000000000000000e+00,2.599203372001647949e+01
6.200000000000000000e+01,6.203179690884975344e+02,4.169297792018599580e+01,1.000000000000000000e+00,2.607570123672485352e+01
6.300000000000000000e+01,5.376967069864558653e+02,4.217697648468814720e+01,1.000000000000000000e+00,2.616285920143127441e+01
6.400000000000000000e+01,6.222734510445980050e+02,4.264606707861643287e+01,1.000000000000000000e+00,2.625283670425415039e+01
6.500000000000000000e+01,6.184448173695643618e+02,4.310850556314635895e+01,1.000000000000000000e+00,2.633629870414733887e+01
6.600000000000000000e+01,8.063215639903153260e+02,4.356448177379547104e+01,1.000000000000000000e+00,2.642607426643371582e+01
6.700000000000000000e+01,4.905574940626391367e+02,4.404292454388701117e+01,1.000000000000000000e+00,2.651052880287170410e+01
6.800000000000000000e+01,5.298731674066028745e+02,4.451759178511055381e+01,1.000000000000000000e+00,2.659708213806152344e+01
6.900000000000000000e+01,5.262231770596393972e+02,4.500320733871519252e+01,1.000000000000000000e+00,2.668086075782775879e+01
7.000000000000000000e+01,4.694853208595125693e+02,4.548202087640831337e+01,1.000000000000000000e+00,2.676705479621887207e+01
7.100000000000000000e+01,4.291160900932422351e+02,4.595266717212554397e+01,1.000000000000000000e+00,2.685073232650756836e+01
7.200000000000000000e+01,4.637689403860739503e+02,4.641181563695928958e+01,1.000000000000000000e+00,2.693780398368835449e+01
7.300000000000000000e+01,5.650277173084272135e+02,4.685135454573119063e+01,1.000000000000000000e+00,2.702156019210815430e+01
7.400000000000000000e+01,4.448414162291101093e+02,4.730041222666272915e+01,1.000000000000000000e+00,2.710811066627502441e+01
7.500000000000000000e+01,4.841600295898978743e+02,4.773824417320467717e+01,1.000000000000000000e+00,2.719592595100402832e+01
7.600000000000000000e+01,5.140883264202151395e+02,4.816808110611971472e+01,1.000000000000000000e+00,2.728040099143981934e+01
7.700000000000000000e+01,6.816598386167005401e+02,4.859023598491749851e+01,1.000000000000000000e+00,2.736688756942749023e+01
7.800000000000000000e+01,5.657222106724461810e+02,4.900938978317135764e+01,1.000000000000000000e+00,2.745388889312744141e+01
7.900000000000000000e+01,6.221523631635479887e+02,4.942889275462976428e+01,1.000000000000000000e+00,2.754241442680358887e+01
8.000000000000000000e+01,6.721814722022661499e+02,4.985742669926017356e+01,1.000000000000000000e+00,2.762666702270507812e+01
8.100000000000000000e+01,4.739589129600457795e+02,5.028614003506483954e+01,1.000000000000000000e+00,2.771173930168151855e+01
8.200000000000000000e+01,5.607497624516456654e+02,5.071310257615884609e+01,1.000000000000000000e+00,2.779723191261291504e+01
8.300000000000000000e+01,4.409126710667603106e+02,5.113566258703765044e+01,1.000000000000000000e+00,2.788252973556518555e+01
8.400000000000000000e+01,5.363308197935967883e+02,5.153950587868713740e+01,1.000000000000000000e+00,2.796978092193603516e+01
8.500000000000000000e+01,4.982530005844320158e+02,5.193304005669117629e+01,1.000000000000000000e+00,2.805721688270568848e+01
8.600000000000000000e+01,4.947688486900853491e+02,5.231751063239325816e+01,1.000000000000000000e+00,2.814445996284484863e+01
8.700000000000000000e+01,4.284034527915030708e+02,5.270193671349065312e+01,1.000000000000000000e+00,2.822957277297973633e+01
8.800000000000000000e+01,5.090035840403618295e+02,5.307287104850204429e+01,1.000000000000000000e+00,2.831510186195373535e+01
8.900000000000000000e+01,5.717667096987124751e+02,5.344494493574770644e+01,1.000000000000000000e+00,2.840159964561462402e+01
9.000000000000000000e+01,4.792307807538074940e+02,5.382065508598167725e+01,1.000000000000000000e+00,2.848845767974853516e+01
9.100000000000000000e+01,4.799150065991269116e+02,5.418992167396936566e+01,1.000000000000000000e+00,2.857838773727416992e+01
9.200000000000000000e+01,3.305322069507217293e+02,5.456064160288561027e+01,1.000000000000000000e+00,2.866187930107116699e+01
9.300000000000000000e+01,3.773633045520179508e+02,5.491211033598605695e+01,1.000000000000000000e+00,2.874775147438049316e+01
9.400000000000000000e+01,3.990662231611649418e+02,5.526181205524883211e+01,1.000000000000000000e+00,2.883291649818420410e+01
9.500000000000000000e+01,5.931215048531115599e+02,5.560767810995798754e+01,1.000000000000000000e+00,2.892040395736694336e+01
9.600000000000000000e+01,3.751410831859282666e+02,5.597347199162053499e+01,1.000000000000000000e+00,2.900671601295471191e+01
9.700000000000000000e+01,4.383951346386824071e+02,5.634712054760050393e+01,1.000000000000000000e+00,2.909085583686828613e+01
9.800000000000000000e+01,4.090285885199741642e+02,5.671513115770430602e+01,1.000000000000000000e+00,2.918080949783325195e+01
9.900000000000000000e+01,3.806701560478309716e+02,5.707773877050627220e+01,1.000000000000000000e+00,2.926494574546813965e+01
1.000000000000000000e+02,5.083374689580153927e+02,5.744408231519368968e+01,1.000000000000000000e+00,2.935201930999755859e+01
1.010000000000000000e+02,2.941088808207577472e+02,5.778982721887620500e+01,1.000000000000000000e+00,2.944257235527038574e+01
1.020000000000000000e+02,3.123854958631122258e+02,5.813300637919257241e+01,1.000000000000000000e+00,2.952708840370178223e+01
1.030000000000000000e+02,3.343653460343879260e+02,5.844705438175235912e+01,1.000000000000000000e+00,2.961565089225769043e+01
1.040000000000000000e+02,3.130345867212342910e+02,5.876035418404087096e+01,1.000000000000000000e+00,2.970014595985412598e+01
1.050000000000000000e+02,3.450130835094571466e+02,5.907462185596780557e+01,1.000000000000000000e+00,2.978619074821472168e+01
1.060000000000000000e+02,2.411119586049138093e+02,5.936311275324837311e+01,1.000000000000000000e+00,2.986965346336364746e+01
1.070000000000000000e+02,2.621905113279265720e+02,5.963816644933388034e+01,1.000000000000000000e+00,2.995671772956848145e+01
1.080000000000000000e+02,3.677274434335970454e+02,5.989884382237724481e+01,1.000000000000000000e+00,3.004296755790710449e+01
1.090000000000000000e+02,2.687825251300305922e+02,6.014808246967606209e+01,1.000000000000000000e+00,3.012757182121276855e+01
1.100000000000000000e+02,3.043370003476699708e+02,6.039357011033617795e+01,1.000000000000000000e+00,3.021513652801513672e+01
1.110000000000000000e+02,3.762243892001752101e+02,6.062251549221178948e+01,1.000000000000000000e+00,3.029862761497497559e+01
1.120000000000000000e+02,3.308802320870915992e+02,6.087106504723956135e+01,1.000000000000000000e+00,3.038281583786010742e+01
1.130000000000000000e+02,2.803241566664657967e+02,6.112825405716714045e+01,1.000000000000000000e+00,3.046788668632507324e+01
1.140000000000000000e+02,3.120050767645759038e+02,6.137451222695617048e+01,1.000000000000000000e+00,3.055184197425842285e+01
1.150000000000000000e+02,2.123237142867183991e+02,6.159712043469657061e+01,1.000000000000000000e+00,3.063689351081848145e+01
1.160000000000000000e+02,3.874696510223922132e+02,6.180759232854698126e+01,1.000000000000000000e+00,3.072402691841125488e+01
1.170000000000000000e+02,3.553155095266258172e+02,6.202549751936240341e+01,1.000000000000000000e+00,3.080868387222290039e+01
1.180000000000000000e+02,2.683284641530537442e+02,6.225917862660988789e+01,1.000000000000000000e+00,3.089226555824279785e+01
1.190000000000000000e+02,1.976970336997933941e+02,6.249593201517470931e+01,1.000000000000000000e+00,3.097749471664428711e+01
1.200000000000000000e+02,2.275500605059800705e+02,6.272816770941317088e+01,1.000000000000000000e+00,3.106095194816589355e+01
1.210000000000000000e+02,1.980002610106374163e+02,6.293649830862503336e+01,1.000000000000000000e+00,3.115002179145812988e+01
1.220000000000000000e+02,2.305115321331071812e+02,6.313277760110185710e+01,1.000000000000000000e+00,3.123974490165710449e+01
1.230000000000000000e+02,2.439991092615899788e+02,6.332456615518397314e+01,1.000000000000000000e+00,3.132327103614807129e+01
1.240000000000000000e+02,2.149702032432127510e+02,6.352922791417935144e+01,1.000000000000000000e+00,3.141281414031982422e+01
1.250000000000000000e+02,2.181668926229705221e+02,6.373930689808293693e+01,1.000000000000000000e+00,3.149726390838623047e+01
1.260000000000000000e+02,2.090212714635546547e+02,6.397177450338622151e+01,1.000000000000000000e+00,3.158295392990112305e+01
1.270000000000000000e+02,2.898271012886563653e+02,6.421064118447195312e+01,1.000000000000000000e+00,3.166684603691101074e+01
1.280000000000000000e+02,2.046439024323614149e+02,6.444419847343699814e+01,1.000000000000000000e+00,3.175103902816772461e+01
1.290000000000000000e+02,2.596568175547400301e+02,6.467195096021286815e+01,1.000000000000000000e+00,3.183439826965332031e+01
1.300000000000000000e+02,2.574429592439630596e+02,6.489505023052191746e+01,1.000000000000000000e+00,3.192310619354248047e+01
1.310000000000000000e+02,2.816897640935428626e+02,6.511274734249619200e+01,1.000000000000000000e+00,3.200713276863098145e+01
1.320000000000000000e+02,1.806602571349120581e+02,6.533748562055133391e+01,1.000000000000000000e+00,3.209320735931396484e+01
1.330000000000000000e+02,2.413570494125057166e+02,6.556362082520135459e+01,1.000000000000000000e+00,3.217834210395812988e+01
1.340000000000000000e+02,3.314568827824524533e+02,6.576909589226599451e+01,1.000000000000000000e+00,3.226350855827331543e+01
1.350000000000000000e+02,2.044886612100982859e+02,6.595092001623257261e+01,1.000000000000000000e+00,3.234692072868347168e+01
1.360000000000000000e+02,3.478017197880536742e+02,6.611604630322725029e+01,1.000000000000000000e+00,3.243437457084655762e+01
1.370000000000000000e+02,1.928446295455124471e+02,6.627689782923036432e+01,1.000000000000000000e+00,3.251799488067626953e+01
1.380000000000000000e+02,2.152460167799954149e+02,6.644294744339916292e+01,1.000000000000000000e+00,3.260450911521911621e+01
1.390000000000000000e+02,1.707717004918883958e+02,6.659608695929424016e+01,1.000000000000000000e+00,3.268941903114318848e+01
1.400000000000000000e+02,2.437825230757187001e+02,6.673264636291270335e+01,1.000000000000000000e+00,3.277485632896423340e+01
1.410000000000000000e+02,1.702450223505845770e+02,6.685956123030929632e+01,1.000000000000000000e+00,3.285808324813842773e+01
1.420000000000000000e+02,3.285543929574283766e+02,6.697009030594081480e+01,1.000000000000000000e+00,3.294499540328979492e+01
1.430000000000000000e+02,2.190029896142576433e+02,6.708163056507341082e+01,1.000000000000000000e+00,3.302860736846923828e+01
1.440000000000000000e+02,2.582220547012291831e+02,6.719495918440979665e+01,1.000000000000000000e+00,3.311443161964416504e+01
1.450000000000000000e+02,2.388764230663073249e+02,6.731049405962876619e+01,1.000000000000000000e+00,3.320350742340087891e+01
1.460000000000000000e+02,2.369254686345085759e+02,6.742193539846005024e+01,1.000000000000000000e+00,3.329449200630187988e+01
1.470000000000000000e+02,1.485516431114694740e+02,6.753823986003749269e+01,1.000000000000000000e+00,3.337970280647277832e+01
1.480000000000000000e+02,2.168797342535113444e+02,6.766340381894492850e+01,1.000000000000000000e+00,3.347024059295654297e+01
1.490000000000000000e+02,2.422584504421678275e+02,6.778837913395662440e+01,1.000000000000000000e+00,3.355486226081848145e+01
1.500000000000000000e+02,2.178884235548837864e+02,6.791938490879863366e+01,1.000000000000000000e+00,3.364091444015502930e+01
1.510000000000000000e+02,1.963612068974381089e+02,6.805343991171631046e+01,1.000000000000000000e+00,3.372547149658203125e+01
1.520000000000000000e+02,2.058003407776386382e+02,6.819405736526577755e+01,1.000000000000000000e+00,3.381197047233581543e+01
1.530000000000000000e+02,2.080896007021089531e+02,6.832818750122892482e+01,1.000000000000000000e+00,3.389566826820373535e+01
1.540000000000000000e+02,2.215306653213606580e+02,6.846633896067586988e+01,1.000000000000000000e+00,3.398226499557495117e+01
1.550000000000000000e+02,1.847748806267894963e+02,6.860177355191879656e+01,1.000000000000000000e+00,3.406551027297973633e+01
1.560000000000000000e+02,1.604459872007138870e+02,6.872645513333092993e+01,1.000000000000000000e+00,3.415273141860961914e+01
1.570000000000000000e+02,1.422361929623662888e+02,6.883677510895869034e+01,1.000000000000000000e+00,3.423930478096008301e+01
1.580000000000000000e+02,1.620356107064866364e+02,6.894028287903299201e+01,1.000000000000000000e+00,3.432372474670410156e+01
1.590000000000000000e+02,1.399514875270986636e+02,6.904745592926273901e+01,1.000000000000000000e+00,3.440950036048889160e+01
1.600000000000000000e+02,1.271505730160059073e+02,6.915380133478262792e+01,1.000000000000000000e+00,3.449395513534545898e+01
1.610000000000000000e+02,1.660039999098575834e+02,6.924104392821611498e+01,1.000000000000000000e+00,3.457784581184387207e+01
1.620000000000000000e+02,1.357202428864009107e+02,6.933205888474675760e+01,1.000000000000000000e+00,3.466306638717651367e+01
1.630000000000000000e+02,1.701743560498384511e+02,6.943262388093047832e+01,1.000000000000000000e+00,3.474799060821533203e+01
1.640000000000000000e+02,1.897407146067534143e+02,6.951744510114411923e+01,1.000000000000000000e+00,3.483239507675170898e+01
1.650000000000000000e+02,2.585243749070858144e+02,6.959431527073303414e+01,1.000000000000000000e+00,3.491622900962829590e+01
1.660000000000000000e+02,1.573462660720661859e+02,6.968858823539866876e+01,1.000000000000000000e+00,3.500283384323120117e+01
1.670000000000000000e+02,1.686227235234140380e+02,6.979504931481513097e+01,1.000000000000000000e+00,3.508785295486450195e+01
1.680000000000000000e+02,2.187063684593995561e+02,6.991345839899246073e+01,1.000000000000000000e+00,3.517479109764099121e+01
1.690000000000000000e+02,1.428469018443080358e+02,7.003601893358226960e+01,1.000000000000000000e+00,3.526591014862060547e+01
1.700000000000000000e+02,1.506847388930556804e+02,7.015079427164923231e+01,1.000000000000000000e+00,3.535135650634765625e+01
1.710000000000000000e+02,1.181106480433096664e+02,7.025051371930774735e+01,1.000000000000000000e+00,3.543782734870910645e+01
1.720000000000000000e+02,1.592564216937226149e+02,7.033805107734309559e+01,1.000000000000000000e+00,3.552436137199401855e+01
1.730000000000000000e+02,1.593058842873840319e+02,7.041443587311543695e+01,1.000000000000000000e+00,3.560966682434082031e+01
1.740000000000000000e+02,1.460184246891493842e+02,7.050038310208603320e+01,1.000000000000000000e+00,3.569806146621704102e+01
1.750000000000000000e+02,1.099341766322002201e+02,7.058167218340865645e+01,1.000000000000000000e+00,3.578168153762817383e+01
1.760000000000000000e+02,1.851564134766857137e+02,7.065178370818892972e+01,1.000000000000000000e+00,3.586765408515930176e+01
1.770000000000000000e+02,1.428901321538204741e+02,7.072090698017881039e+01,1.000000000000000000e+00,3.595311641693115234e+01
1.780000000000000000e+02,1.485018516447672425e+02,7.077407444527977987e+01,1.000000000000000000e+00,3.604105353355407715e+01
1.790000000000000000e+02,1.481431621159358087e+02,7.084568633086824718e+01,1.000000000000000000e+00,3.612539982795715332e+01
1.800000000000000000e+02,1.398396286183952668e+02,7.092849956805476097e+01,1.000000000000000000e+00,3.621147298812866211e+01
1.810000000000000000e+02,1.676136720585082287e+02,7.102402551468260583e+01,1.000000000000000000e+00,3.629609394073486328e+01
1.820000000000000000e+02,1.251779077185506992e+02,7.113083653305230314e+01,1.000000000000000000e+00,3.638085579872131348e+01
1.830000000000000000e+02,1.539162664231545534e+02,7.123284189213919149e+01,1.000000000000000000e+00,3.646791791915893555e+01
1.840000000000000000e+02,1.100680075903073885e+02,7.133994646299309750e+01,1.000000000000000000e+00,3.655314874649047852e+01
1.850000000000000000e+02,1.470385272239961409e+02,7.143833651518679062e+01,1.000000000000000000e+00,3.663763642311096191e+01
1.860000000000000000e+02,1.711934832938626414e+02,7.153477949926987378e+01,1.000000000000000000e+00,3.672219276428222656e+01
1.870000000000000000e+02,1.398893270279985472e+02,7.161813722706260421e+01,1.000000000000000000e+00,3.680642533302307129e+01
1.880000000000000000e+02,1.395106660829465852e+02,7.167857020441320515e+01,1.000000000000000000e+00,3.689399695396423340e+01
1.890000000000000000e+02,1.366352999337555332e+02,7.173159907022113657e+01,1.000000000000000000e+00,3.697768354415893555e+01
1.900000000000000000e+02,1.341419596320953644e+02,7.179380089192845560e+01,1.000000000000000000e+00,3.706285476684570312e+01
1.910000000000000000e+02,2.008329403878872199e+02,7.186059909694013470e+01,1.000000000000000000e+00,3.714799785614013672e+01
1.920000000000000000e+02,1.821408793210732142e+02,7.189712332071356116e+01,1.000000000000000000e+00,3.723358535766601562e+01
1.930000000000000000e+02,1.124685477092925225e+02,7.193970278373011240e+01,1.000000000000000000e+00,3.731789374351501465e+01
1.940000000000000000e+02,1.405997853891556417e+02,7.196539459355540203e+01,1.000000000000000000e+00,3.740496826171875000e+01
1.950000000000000000e+02,1.419747746860669508e+02,7.199419874729507285e+01,1.000000000000000000e+00,3.748911786079406738e+01
1.960000000000000000e+02,1.389386383043712101e+02,7.202029493237955649e+01,1.000000000000000000e+00,3.757459640502929688e+01
1.970000000000000000e+02,1.258433513155553243e+02,7.202545884088104344e+01,1.000000000000000000e+00,3.765824413299560547e+01
1.980000000000000000e+02,1.403550914890890908e+02,7.202411375024406937e+01,1.000000000000000000e+00,3.774428892135620117e+01
1.990000000000000000e+02,1.402542717589938945e+02,7.202615539504104447e+01,1.000000000000000000e+00,3.782907843589782715e+01
2.000000000000000000e+02,1.551756593754556945e+02,7.202398176854323708e+01,5.000000000000000000e-01,3.791713833808898926e+01
2.010000000000000000e+02,9.154706498103949741e+01,7.202736128493084777e+01,5.000000000000000000e-01,3.800089192390441895e+01
2.020000000000000000e+02,1.709957780932612650e+02,7.203112496123431185e+01,5.000000000000000000e-01,3.808583402633666992e+01
2.030000000000000000e+02,1.295925808405627038e+02,7.202535146942983602e+01,5.000000000000000000e-01,3.817059373855590820e+01
2.040000000000000000e+02,1.650561388788342470e+02,7.202226436127222087e+01,5.000000000000000000e-01,3.825575757026672363e+01
2.050000000000000000e+02,1.611370156288351154e+02,7.202437415807938237e+01,5.000000000000000000e-01,3.833939909934997559e+01
2.060000000000000000e+02,1.398985499800331809e+02,7.202627213333610712e+01,5.000000000000000000e-01,3.842565870285034180e+01
2.070000000000000000e+02,1.167797881406023919e+02,7.203648366086605392e+01,5.000000000000000000e-01,3.851323318481445312e+01
2.080000000000000000e+02,1.282315200033510791e+02,7.205020224861496558e+01,5.000000000000000000e-01,3.859836554527282715e+01
2.090000000000000000e+02,1.291481832947972350e+02,7.206684480830438133e+01,5.000000000000000000e-01,3.868285107612609863e+01
2.100000000000000000e+02,1.510452870661663951e+02,7.208367983654127897e+01,5.000000000000000000e-01,3.876808142662048340e+01
2.110000000000000000e+02,1.392096263037564086e+02,7.210819019259517404e+01,5.000000000000000000e-01,3.885153746604919434e+01
2.120000000000000000e+02,1.376253836747306707e+02,7.213196884673777731e+01,5.000000000000000000e-01,3.893909931182861328e+01
2.130000000000000000e+02,1.530215073135619548e+02,7.215938623594746559e+01,5.000000000000000000e-01,3.902241826057434082e+01
2.140000000000000000e+02,1.614698516676060933e+02,7.219220169381461005e+01,5.000000000000000000e-01,3.910885596275329590e+01
2.150000000000000000e+02,1.469793956940542614e+02,7.222304883272860820e+01,5.000000000000000000e-01,3.919793486595153809e+01
2.160000000000000000e+02,1.218024077755078878e+02,7.225274666700740056e+01,5.000000000000000000e-01,3.928180480003356934e+01
2.170000000000000000e+02,1.373704837358950783e+02,7.227908700243663986e+01,5.000000000000000000e-01,3.936748456954956055e+01
2.180000000000000000e+02,1.130522857413823061e+02,7.230873992321926380e+01,5.000000000000000000e-01,3.945342659950256348e+01
2.190000000000000000e+02,1.089258510336093480e+02,7.233973783054319995e+01,5.000000000000000000e-01,3.954145503044128418e+01
2.200000000000000000e+02,1.195841786227225185e+02,7.236667321087534788e+01,5.000000000000000000e-01,3.963003110885620117e+01
2.210000000000000000e+02,1.595339993676334132e+02,7.239253915230843006e+01,5.000000000000000000e-01,3.971402335166931152e+01
2.220000000000000000e+02,1.441927504798041753e+02,7.242426948723395697e+01,5.000000000000000000e-01,3.979830241203308105e+01
2.230000000000000000e+02,9.628033846803059248e+01,7.245074296389506685e+01,5.000000000000000000e-01,3.988350415229797363e+01
2.240000000000000000e+02,1.434933667798311774e+02,7.247996731671226200e+01,5.000000000000000000e-01,3.996850061416625977e+01
2.250000000000000000e+02,1.090141791635917201e+02,7.250900402883625873e+01,5.000000000000000000e-01,4.005244803428649902e+01
2.260000000000000000e+02,1.160965006245280904e+02,7.253451950654228142e+01,5.000000000000000000e-01,4.013747215270996094e+01
2.270000000000000000e+02,1.029414275882078442e+02,7.255331288944321955e+01,5.000000000000000000e-01,4.022126674652099609e+01
2.280000000000000000e+02,1.108200233874362084e+02,7.257023773801178379e+01,5.000000000000000000e-01,4.030471563339233398e+01
2.290000000000000000e+02,1.030540359487121691e+02,7.258910267476363742e+01,5.000000000000000000e-01,4.039429187774658203e+01
2.300000000000000000e+02,1.531833515373075727e+02,7.260863002498098240e+01,5.000000000000000000e-01,4.048342251777648926e+01
2.310000000000000000e+02,9.587449662522416816e+01,7.263836230471932254e+01,5.000000000000000000e-01,4.056749153137207031e+01
2.320000000000000000e+02,1.627119305104602347e+02,7.266999708784483403e+01,5.000000000000000000e-01,4.065644001960754395e+01
2.330000000000000000e+02,9.219350512410623821e+01,7.270083152265924298e+01,5.000000000000000000e-01,4.074282479286193848e+01
2.340000000000000000e+02,9.800935029567655477e+01,7.272444225652876071e+01,5.000000000000000000e-01,4.082833600044250488e+01
2.350000000000000000e+02,9.634398297116550225e+01,7.274096437073707477e+01,5.000000000000000000e-01,4.091883063316345215e+01
2.360000000000000000e+02,1.218375288894158501e+02,7.276004769983097731e+01,5.000000000000000000e-01,4.100427985191345215e+01
2.370000000000000000e+02,1.117011789546720308e+02,7.276889324623965649e+01,5.000000000000000000e-01,4.109041857719421387e+01
2.380000000000000000e+02,1.069218503268041047e+02,7.278422203848708705e+01,5.000000000000000000e-01,4.117892956733703613e+01
2.390000000000000000e+02,1.025063771391928071e+02,7.278976454124394024e+01,5.000000000000000000e-01,4.126311087608337402e+01
2.400000000000000000e+02,1.259358253908617229e+02,7.279237465600556334e+01,5.000000000000000000e-01,4.135232138633728027e+01
2.410000000000000000e+02,1.035017702891978502e+02,7.279285715347839414e+01,5.000000000000000000e-01,4.144632387161254883e+01
2.420000000000000000e+02,1.127206823520364054e+02,7.280152494611751024e+01,5.000000000000000000e-01,4.153671097755432129e+01
2.430000000000000000e+02,1.107596796451222332e+02,7.281160491812157431e+01,5.000000000000000000e-01,4.162211489677429199e+01
2.440000000000000000e+02,1.031779290596233807e+02,7.281665382543330622e+01,5.000000000000000000e-01,4.170918893814086914e+01
2.450000000000000000e+02,7.908527484051305123e+01,7.283099638254900299e+01,5.000000000000000000e-01,4.179612207412719727e+01
2.460000000000000000e+02,1.006261997082962978e+02,7.283939822760498828e+01,5.000000000000000000e-01,4.188469719886779785e+01
2.470000000000000000e+02,1.279495607739028173e+02,7.285058173524259928e+01,5.000000000000000000e-01,4.197221183776855469e+01
2.480000000000000000e+02,8.881973659885443340e+01,7.285670287169607207e+01,5.000000000000000000e-01,4.205568265914916992e+01
2.490000000000000000e+02,1.063994191397266889e+02,7.286637255915495359e+01,5.000000000000000000e-01,4.214327192306518555e+01
2.500000000000000000e+02,9.770387297050571362e+01,7.286248460340127053e+01,5.000000000000000000e-01,4.223028731346130371e+01
2.510000000000000000e+02,1.750510373668833211e+02,7.286445012537380705e+01,5.000000000000000000e-01,4.231373572349548340e+01
2.520000000000000000e+02,1.386240801109842664e+02,7.285721030710486446e+01,5.000000000000000000e-01,4.239846205711364746e+01
2.530000000000000000e+02,1.061382212326337111e+02,7.285056360147052601e+01,5.000000000000000000e-01,4.248444819450378418e+01
2.540000000000000000e+02,1.130152874575088333e+02,7.284545611026841527e+01,5.000000000000000000e-01,4.256902647018432617e+01
2.550000000000000000e+02,1.076454528436220954e+02,7.283840975553836472e+01,5.000000000000000000e-01,4.265322518348693848e+01
2.560000000000000000e+02,1.097357452072469783e+02,7.282608118914026818e+01,5.000000000000000000e-01,4.273933434486389160e+01
2.570000000000000000e+02,1.113795398850253520e+02,7.281375634958509124e+01,5.000000000000000000e-01,4.282502746582031250e+01
2.580000000000000000e+02,9.447712885407189276e+01,7.280581490125629784e+01,5.000000000000000000e-01,4.290924119949340820e+01
2.590000000000000000e+02,9.929702085598019323e+01,7.279664502925284353e+01,5.000000000000000000e-01,4.299460625648498535e+01
2.600000000000000000e+02,8.711037473948056231e+01,7.278615831631209687e+01,5.000000000000000000e-01,4.307833361625671387e+01
2.610000000000000000e+02,1.382537836540116700e+02,7.277730914974691245e+01,5.000000000000000000e-01,4.316726160049438477e+01
2.620000000000000000e+02,1.031029944754578196e+02,7.276890681719440579e+01,5.000000000000000000e-01,4.325542330741882324e+01
2.630000000000000000e+02,9.559550661776620473e+01,7.275232324470036360e+01,5.000000000000000000e-01,4.333902049064636230e+01
2.640000000000000000e+02,8.844744034042058445e+01,7.273992109844527931e+01,5.000000000000000000e-01,4.342859578132629395e+01
2.650000000000000000e+02,1.131638780666648785e+02,7.272544111033208480e+01,5.000000000000000000e-01,4.351303195953369141e+01
2.660000000000000000e+02,1.086126449543925787e+02,7.271437351990785203e+01,5.000000000000000000e-01,4.359737229347229004e+01
2.670000000000000000e+02,1.310475614883287960e+02,7.271045766224315798e+01,5.000000000000000000e-01,4.368207836151123047e+01
2.680000000000000000e+02,9.851471160204903299e+01,7.270236339020651428e+01,5.000000000000000000e-01,4.376905703544616699e+01
2.690000000000000000e+02,1.113522247721893166e+02,7.269427405633220474e+01,5.000000000000000000e-01,4.385349488258361816e+01
2.700000000000000000e+02,1.076960629278592450e+02,7.269749041890888464e+01,5.000000000000000000e-01,4.393828868865966797e+01
2.710000000000000000e+02,9.201262195642935637e+01,7.270658585877112046e+01,5.000000000000000000e-01,4.402282714843750000e+01
2.720000000000000000e+02,9.486154532225471314e+01,7.271355051731168828e+01,5.000000000000000000e-01,4.410973715782165527e+01
2.730000000000000000e+02,9.823382294457778130e+01,7.272098855535031703e+01,5.000000000000000000e-01,4.419816350936889648e+01
2.740000000000000000e+02,1.529387040671492741e+02,7.272844610642663099e+01,5.000000000000000000e-01,4.428294014930725098e+01
2.750000000000000000e+02,6.807724712963283764e+01,7.274421781326044822e+01,5.000000000000000000e-01,4.436893177032470703e+01
2.760000000000000000e+02,1.035652525262820802e+02,7.276397792976055712e+01,5.000000000000000000e-01,4.445484709739685059e+01
2.770000000000000000e+02,1.018894886939552435e+02,7.278031214452656172e+01,5.000000000000000000e-01,4.454159474372863770e+01
2.780000000000000000e+02,9.626974348676594673e+01,7.278871088728485006e+01,5.000000000000000000e-01,4.462559199333190918e+01
2.790000000000000000e+02,9.780878052121282451e+01,7.279844896776403118e+01,5.000000000000000000e-01,4.471265721321105957e+01
2.800000000000000000e+02,9.164499489433197255e+01,7.281162532934010301e+01,5.000000000000000000e-01,4.479737424850463867e+01
2.810000000000000000e+02,9.652024087431374255e+01,7.282324119159900988e+01,5.000000000000000000e-01,4.488446521759033203e+01
2.820000000000000000e+02,8.403055540323464356e+01,7.283815686633467124e+01,5.000000000000000000e-01,4.497053790092468262e+01
2.830000000000000000e+02,8.948643200096809380e+01,7.286117445727097675e+01,5.000000000000000000e-01,4.505711221694946289e+01
2.840000000000000000e+02,9.288112277498591141e+01,7.288478215041519093e+01,5.000000000000000000e-01,4.514368486404418945e+01
2.850000000000000000e+02,8.930582746750346246e+01,7.291099970842201117e+01,5.000000000000000000e-01,4.523025870323181152e+01
2.860000000000000000e+02,8.766560623214141401e+01,7.294327896874241901e+01,5.000000000000000000e-01,4.531733250617980957e+01
2.870000000000000000e+02,9.438385880144170414e+01,7.297892220120074569e+01,5.000000000000000000e-01,4.540337824821472168e+01
2.880000000000000000e+02,8.269507513353957506e+01,7.302144743929279969e+01,5.000000000000000000e-01,4.548995256423950195e+01
2.890000000000000000e+02,9.230115202358618376e+01,7.306009101779451953e+01,5.000000000000000000e-01,4.557452487945556641e+01
2.900000000000000000e+02,8.953186044429300239e+01,7.309436942052560937e+01,5.000000000000000000e-01,4.565959668159484863e+01
2.910000000000000000e+02,8.595720925085639408e+01,7.311458573429396779e+01,5.000000000000000000e-01,4.574616003036499023e+01
2.920000000000000000e+02,8.744318238300613189e+01,7.313903462973966896e+01,5.000000000000000000e-01,4.583119273185729980e+01
2.930000000000000000e+02,8.091273599917636261e+01,7.315554048945411125e+01,5.000000000000000000e-01,4.591586637496948242e+01
2.940000000000000000e+02,8.640480481441940697e+01,7.317630054830343056e+01,5.000000000000000000e-01,4.600037550926208496e+01
2.950000000000000000e+02,7.566899161793737960e+01,7.319267348699916909e+01,5.000000000000000000e-01,4.608552050590515137e+01
2.960000000000000000e+02,1.027903372135514957e+02,7.321424353565797105e+01,5.000000000000000000e-01,4.617164802551269531e+01
2.970000000000000000e+02,8.287396093538572472e+01,7.323887062921117774e+01,5.000000000000000000e-01,4.626161599159240723e+01
2.980000000000000000e+02,8.236624338290228309e+01,7.325905641741323393e+01,5.000000000000000000e-01,4.634554529190063477e+01
2.990000000000000000e+02,1.080382819246753030e+02,7.328018228921796151e+01,5.000000000000000000e-01,4.643476533889770508e+01
3.000000000000000000e+02,5.909875794799092574e+01,7.329828066110786722e+01,5.000000000000000000e-01,4.652625155448913574e+01
3.010000000000000000e+02,6.815398921009247601e+01,7.331246269845554764e+01,5.000000000000000000e-01,4.661142468452453613e+01
3.020000000000000000e+02,6.525208414647002542e+01,7.332648637394225943e+01,5.000000000000000000e-01,4.669782352447509766e+01
3.030000000000000000e+02,8.129943320120302985e+01,7.333853605280094712e+01,5.000000000000000000e-01,4.678220796585083008e+01
3.040000000000000000e+02,8.747604171916231053e+01,7.334566072782290291e+01,5.000000000000000000e-01,4.686795949935913086e+01
3.050000000000000000e+02,8.648882126992457131e+01,7.335001831213089929e+01,5.000000000000000000e-01,4.695403289794921875e+01
3.060000000000000000e+02,5.513221648301847466e+01,7.335820437038888997e+01,5.000000000000000000e-01,4.704140400886535645e+01
3.070000000000000000e+02,7.749671299896753851e+01,7.336896087204036121e+01,5.000000000000000000e-01,4.713095545768737793e+01
3.080000000000000000e+02,5.578760666122932577e+01,7.337943881637026777e+01,5.000000000000000000e-01,4.721768689155578613e+01
3.090000000000000000e+02,9.280887871682857337e+01,7.338640594377152127e+01,5.000000000000000000e-01,4.730267548561096191e+01
3.100000000000000000e+02,9.733784863703587575e+01,7.339753000762632951e+01,5.000000000000000000e-01,4.738686037063598633e+01
3.110000000000000000e+02,5.771551223402282460e+01,7.341183525158577083e+01,5.000000000000000000e-01,4.747143197059631348e+01
3.120000000000000000e+02,8.859301586035643084e+01,7.342760846787591333e+01,5.000000000000000000e-01,4.755674552917480469e+01
3.130000000000000000e+02,7.423982744024816327e+01,7.344449194329978070e+01,5.000000000000000000e-01,4.764270162582397461e+01
3.140000000000000000e+02,7.318052570599236617e+01,7.345980034612918530e+01,5.000000000000000000e-01,4.773377871513366699e+01
3.150000000000000000e+02,6.077876067717472353e+01,7.347266263506956818e+01,5.000000000000000000e-01,4.782285523414611816e+01
3.160000000000000000e+02,7.307841503191001209e+01,7.348037505019077287e+01,5.000000000000000000e-01,4.791443252563476562e+01
3.170000000000000000e+02,1.138101119236228982e+02,7.348236689300975399e+01,5.000000000000000000e-01,4.800802278518676758e+01
3.180000000000000000e+02,8.624604930372112221e+01,7.348783103869439515e+01,5.000000000000000000e-01,4.809843277931213379e+01
3.190000000000000000e+02,6.527538442032226840e+01,7.349652663619178838e+01,5.000000000000000000e-01,4.819049692153930664e+01
3.200000000000000000e+02,6.007738566293703286e+01,7.350372687899545099e+01,5.000000000000000000e-01,4.828069686889648438e+01
3.210000000000000000e+02,6.242641131034423552e+01,7.350428712946438736e+01,5.000000000000000000e-01,4.836908054351806641e+01
3.220000000000000000e+02,6.101846989380199204e+01,7.350740240490516442e+01,5.000000000000000000e-01,4.845727419853210449e+01
3.230000000000000000e+02,7.903361076343514924e+01,7.351604665302382102e+01,5.000000000000000000e-01,4.854550528526306152e+01
3.240000000000000000e+02,8.478562553916449929e+01,7.352324969362682339e+01,5.000000000000000000e-01,4.863879537582397461e+01
3.250000000000000000e+02,7.826195867334878642e+01,7.352198070197481172e+01,5.000000000000000000e-01,4.872804856300354004e+01
3.260000000000000000e+02,6.629721424450946188e+01,7.351745586471994898e+01,5.000000000000000000e-01,4.882271122932434082e+01
3.270000000000000000e+02,7.787480979922598578e+01,7.351481041038256592e+01,5.000000000000000000e-01,4.891205406188964844e+01
3.280000000000000000e+02,6.228527003924068595e+01,7.351655355790893509e+01,5.000000000000000000e-01,4.900712776184082031e+01
3.290000000000000000e+02,7.104211538117627356e+01,7.351782990956269259e+01,5.000000000000000000e-01,4.909670329093933105e+01
3.300000000000000000e+02,7.477278288070824885e+01,7.351144881159933675e+01,5.000000000000000000e-01,4.919028258323669434e+01
3.310000000000000000e+02,8.687512676283702717e+01,7.350532081585664912e+01,5.000000000000000000e-01,4.928045105934143066e+01
3.320000000000000000e+02,8.463056773668195376e+01,7.349324348025231757e+01,5.000000000000000000e-01,4.937051987648010254e+01
3.330000000000000000e+02,5.913192923509117804e+01,7.348176085448046990e+01,5.000000000000000000e-01,4.946162867546081543e+01
3.340000000000000000e+02,6.038806883114315838e+01,7.347284408761011321e+01,5.000000000000000000e-01,4.955150866508483887e+01
3.350000000000000000e+02,8.032525733866596340e+01,7.346775491760186583e+01,5.000000000000000000e-01,4.964093136787414551e+01
3.360000000000000000e+02,8.886538324525790244e+01,7.346773477799487750e+01,5.000000000000000000e-01,4.973100066184997559e+01
3.370000000000000000e+02,5.696542497878674283e+01,7.345973168311799384e+01,5.000000000000000000e-01,4.982102727890014648e+01
3.380000000000000000e+02,7.211052649572911832e+01,7.345400595821774914e+01,5.000000000000000000e-01,4.991460418701171875e+01
3.390000000000000000e+02,7.555614365871943505e+01,7.346373752501921217e+01,5.000000000000000000e-01,5.000314784049987793e+01
3.400000000000000000e+02,7.211002814802533578e+01,7.347055567827086975e+01,5.000000000000000000e-01,5.008931493759155273e+01
3.410000000000000000e+02,4.984669315111522536e+01,7.347974810093685960e+01,5.000000000000000000e-01,5.017789030075073242e+01
3.420000000000000000e+02,6.871235273367933871e+01,7.348806987141672664e+01,5.000000000000000000e-01,5.026556801795959473e+01
3.430000000000000000e+02,7.145375891945379010e+01,7.350244433135964073e+01,5.000000000000000000e-01,5.035112452507019043e+01
3.440000000000000000e+02,9.468707559103958715e+01,7.351831412252282405e+01,5.000000000000000000e-01,5.043902683258056641e+01
3.450000000000000000e+02,6.807003014589393786e+01,7.353907114433448555e+01,5.000000000000000000e-01,5.052757620811462402e+01
3.460000000000000000e+02,6.750579450546315741e+01,7.355793462930667204e+01,5.000000000000000000e-01,5.061418342590332031e+01
3.470000000000000000e+02,6.565317217540632555e+01,7.357197212018017751e+01,5.000000000000000000e-01,5.070275878906250000e+01
3.480000000000000000e+02,5.566175677523821719e+01,7.357864409294626284e+01,5.000000000000000000e-01,5.079312276840209961e+01
3.490000000000000000e+02,7.332304967364530057e+01,7.357941096676965742e+01,5.000000000000000000e-01,5.088023090362548828e+01
3.500000000000000000e+02,7.259214822544787182e+01,7.357127230321148659e+01,5.000000000000000000e-01,5.096678495407104492e+01
3.510000000000000000e+02,7.378407007039243126e+01,7.356241340999093836e+01,5.000000000000000000e-01,5.105414843559265137e+01
3.520000000000000000e+02,4.811259313228379852e+01,7.356114603666992480e+01,5.000000000000000000e-01,5.113998627662658691e+01
3.530000000000000000e+02,7.711772587815171676e+01,7.356042719219290404e+01,5.000000000000000000e-01,5.122568225860595703e+01
3.540000000000000000e+02,5.798552281757432070e+01,7.356925496372835482e+01,5.000000000000000000e-01,5.131294751167297363e+01
3.550000000000000000e+02,6.241515990951876347e+01,7.358366449405026799e+01,5.000000000000000000e-01,5.140202307701110840e+01
3.560000000000000000e+02,5.699755989197316097e+01,7.359817576577349030e+01,5.000000000000000000e-01,5.149059820175170898e+01
3.570000000000000000e+02,5.609588282263416659e+01,7.360798067484802232e+01,5.000000000000000000e-01,5.158417749404907227e+01
3.580000000000000000e+02,5.011007361077516009e+01,7.361675120243346271e+01,5.000000000000000000e-01,5.167575502395629883e+01
3.590000000000000000e+02,5.161754672155993973e+01,7.362694650839102906e+01,5.000000000000000000e-01,5.176642966270446777e+01
3.600000000000000000e+02,5.783598492112833611e+01,7.363264576263745198e+01,5.000000000000000000e-01,5.185507249832153320e+01
3.610000000000000000e+02,5.297887932356964313e+01,7.363261066445434722e+01,5.000000000000000000e-01,5.194475698471069336e+01
3.620000000000000000e+02,6.542713654996116190e+01,7.363953489007030839e+01,5.000000000000000000e-01,5.203186798095703125e+01
3.630000000000000000e+02,6.105936154007171268e+01,7.365622396292444307e+01,5.000000000000000000e-01,5.211741280555725098e+01
3.640000000000000000e+02,6.355731239045612568e+01,7.367507342778719703e+01,5.000000000000000000e-01,5.220448064804077148e+01
3.650000000000000000e+02,5.476300225984622472e+01,7.369703183765783194e+01,5.000000000000000000e-01,5.229273605346679688e+01
3.660000000000000000e+02,4.166426291307084284e+01,7.372328907185121238e+01,5.000000000000000000e-01,5.238031029701232910e+01
3.670000000000000000e+02,7.458327431166384258e+01,7.375020807016059621e+01,5.000000000000000000e-01,5.246748828887939453e+01
3.680000000000000000e+02,4.383800818170018943e+01,7.378455024369610271e+01,5.000000000000000000e-01,5.255507826805114746e+01
3.690000000000000000e+02,4.685318029333738821e+01,7.381614159753961246e+01,5.000000000000000000e-01,5.264146280288696289e+01
3.700000000000000000e+02,5.952583052311143774e+01,7.384446585277163422e+01,5.000000000000000000e-01,5.273095846176147461e+01
3.710000000000000000e+02,7.082501683138059434e+01,7.386176030473178855e+01,5.000000000000000000e-01,5.282235193252563477e+01
3.720000000000000000e+02,5.468083080337010671e+01,7.387638113851126320e+01,5.000000000000000000e-01,5.290880131721496582e+01
3.730000000000000000e+02,4.370888734121529495e+01,7.388383616464138015e+01,5.000000000000000000e-01,5.299489331245422363e+01
3.740000000000000000e+02,4.678932696922935719e+01,7.389074362582439903e+01,5.000000000000000000e-01,5.308496975898742676e+01
3.750000000000000000e+02,6.251790471283775474e+01,7.388529160845277488e+01,5.000000000000000000e-01,5.317636609077453613e+01
3.760000000000000000e+02,5.240448148860961908e+01,7.387481320181869648e+01,5.000000000000000000e-01,5.327093386650085449e+01
3.770000000000000000e+02,5.296473725587804182e+01,7.386196820978554456e+01,5.000000000000000000e-01,5.335935926437377930e+01
3.780000000000000000e+02,5.420852717280192223e+01,7.385374101797869173e+01,5.000000000000000000e-01,5.345677828788757324e+01
3.790000000000000000e+02,8.410526817079771433e+01,7.384847416814433529e+01,5.000000000000000000e-01,5.354935693740844727e+01
3.800000000000000000e+02,6.384236565229226557e+01,7.384606912253536848e+01,5.000000000000000000e-01,5.363954830169677734e+01
3.810000000000000000e+02,4.953915540912092297e+01,7.384107806974334665e+01,5.000000000000000000e-01,5.373353862762451172e+01
3.820000000000000000e+02,4.470415573489894712e+01,7.383733047112106362e+01,5.000000000000000000e-01,5.382511615753173828e+01
3.830000000000000000e+02,5.501202164241982473e+01,7.383802749626201489e+01,5.000000000000000000e-01,5.391630268096923828e+01
3.840000000000000000e+02,5.525418493264038489e+01,7.383617883051678632e+01,5.000000000000000000e-01,5.400246238708496094e+01
3.850000000000000000e+02,6.385018936570126158e+01,7.383132754641759732e+01,5.000000000000000000e-01,5.409400105476379395e+01
3.860000000000000000e+02,5.406176182243283534e+01,7.383099577967841753e+01,5.000000000000000000e-01,5.418082618713378906e+01
3.870000000000000000e+02,6.493792050413057382e+01,7.383072952085700535e+01,5.000000000000000000e-01,5.427660107612609863e+01
3.880000000000000000e+02,4.398489193198921043e+01,7.382770736528148348e+01,5.000000000000000000e-01,5.436608219146728516e+01
3.890000000000000000e+02,5.402777117179861222e+01,7.381785594946921947e+01,5.000000000000000000e-01,5.445665907859802246e+01
3.900000000000000000e+02,7.967908090978467328e+01,7.381245554089332472e+01,5.000000000000000000e-01,5.454695510864257812e+01
3.910000000000000000e+02,5.353109269134454706e+01,7.380775343392805610e+01,5.000000000000000000e-01,5.463680958747863770e+01
3.920000000000000000e+02,4.254790904163574794e+01,7.381292738687425015e+01,5.000000000000000000e-01,5.472599124908447266e+01
3.930000000000000000e+02,3.996599797954387867e+01,7.381412775891830336e+01,5.000000000000000000e-01,5.481709337234497070e+01
3.940000000000000000e+02,4.267474893287445070e+01,7.381160923614113756e+01,5.000000000000000000e-01,5.490564823150634766e+01
3.950000000000000000e+02,5.646219012153574823e+01,7.381074588028684502e+01,5.000000000000000000e-01,5.499553132057189941e+01
3.960000000000000000e+02,5.793545304082034164e+01,7.380960683005628198e+01,5.000000000000000000e-01,5.508569741249084473e+01
3.970000000000000000e+02,4.144989893783374413e+01,7.381448372951645354e+01,5.000000000000000000e-01,5.517910575866699219e+01
3.980000000000000000e+02,4.767854025435716636e+01,7.383132625564688567e+01,5.000000000000000000e-01,5.526998805999755859e+01
3.990000000000000000e+02,4.463012862473194531e+01,7.385027404806066897e+01,5.000000000000000000e-01,5.535890293121337891e+01
4.000000000000000000e+02,4.188211051382381811e+01,7.387119511496997859e+01,2.500000000000000000e-01,5.544828152656555176e+01
4.010000000000000000e+02,6.062793352531575408e+01,7.388078640074873249e+01,2.500000000000000000e-01,5.553627490997314453e+01
4.020000000000000000e+02,5.668558790535340108e+01,7.389161645343982343e+01,2.500000000000000000e-01,5.562577033042907715e+01
4.030000000000000000e+02,4.822316464795838442e+01,7.390713556447468591e+01,2.500000000000000000e-01,5.571784877777099609e+01
4.040000000000000000e+02,5.552024179253216118e+01,7.392045586201794549e+01,2.500000000000000000e-01,5.581042695045471191e+01
4.050000000000000000e+02,5.367079226391580704e+01,7.393350297436984420e+01,2.500000000000000000e-01,5.589950275421142578e+01
4.060000000000000000e+02,7.069967616180410630e+01,7.394549975416975940e+01,2.500000000000000000e-01,5.598957920074462891e+01
4.070000000000000000e+02,3.995183362063283994e+01,7.395627411261170892e+01,2.500000000000000000e-01,5.607660198211669922e+01
4.080000000000000000e+02,6.137110090653004590e+01,7.396515976995834762e+01,2.500000000000000000e-01,5.617067122459411621e+01
4.090000000000000000e+02,5.248906563595402730e+01,7.397606588235910863e+01,2.500000000000000000e-01,5.626172447204589844e+01
4.100000000000000000e+02,4.109566614752835534e+01,7.398493238984904963e+01,2.500000000000000000e-01,5.634972238540649414e+01
4.110000000000000000e+02,5.338382421223816721e+01,7.399376414362677679e+01,2.500000000000000000e-01,5.643677473068237305e+01
4.120000000000000000e+02,4.662662080591169911e+01,7.400149300432940436e+01,2.500000000000000000e-01,5.652422976493835449e+01
4.130000000000000000e+02,7.519145776219143329e+01,7.400673326915141104e+01,2.500000000000000000e-01,5.661198210716247559e+01
4.140000000000000000e+02,6.711907177823171367e+01,7.401454853616016294e+01,2.500000000000000000e-01,5.669905591011047363e+01
4.150000000000000000e+02,5.192983762222156940e+01,7.402197031124704552e+01,2.500000000000000000e-01,5.679100847244262695e+01
4.160000000000000000e+02,6.131488692670105678e+01,7.402747861806555818e+01,2.500000000000000000e-01,5.687810468673706055e+01
4.170000000000000000e+02,5.129163706206839635e+01,7.403185028484811880e+01,2.500000000000000000e-01,5.696460175514221191e+01
4.180000000000000000e+02,4.583890446626871551e+01,7.403502464805784200e+01,2.500000000000000000e-01,5.705413818359375000e+01
4.190000000000000000e+02,4.352278261212524768e+01,7.403607808820450487e+01,2.500000000000000000e-01,5.714227890968322754e+01
4.200000000000000000e+02,5.849921724387887423e+01,7.403406060138208034e+01,2.500000000000000000e-01,5.722848439216613770e+01
4.210000000000000000e+02,4.899974186139615284e+01,7.402909465989397120e+01,2.500000000000000000e-01,5.731743597984313965e+01
4.220000000000000000e+02,4.156591084818926873e+01,7.402712422513342005e+01,2.500000000000000000e-01,5.740509414672851562e+01
4.230000000000000000e+02,5.474314791934402535e+01,7.402443328020630986e+01,2.500000000000000000e-01,5.749274587631225586e+01
4.240000000000000000e+02,4.115811193071688479e+01,7.402518293813513139e+01,2.500000000000000000e-01,5.758395481109619141e+01
4.250000000000000000e+02,5.687092788468174831e+01,7.402441700738707198e+01,2.500000000000000000e-01,5.767047095298767090e+01
4.260000000000000000e+02,4.686298799733022236e+01,7.402090640745706196e+01,2.500000000000000000e-01,5.775763463973999023e+01
4.270000000000000000e+02,5.058337009373519066e+01,7.401572962111325182e+01,2.500000000000000000e-01,5.784480357170104980e+01
4.280000000000000000e+02,4.118785780406269481e+01,7.401127674750783569e+01,2.500000000000000000e-01,5.793102431297302246e+01
4.290000000000000000e+02,4.496495042720290058e+01,7.400695827062851606e+01,2.500000000000000000e-01,5.801973199844360352e+01
4.300000000000000000e+02,5.642639148276575867e+01,7.400541146166611384e+01,2.500000000000000000e-01,5.810908865928649902e+01
4.310000000000000000e+02,4.780382879326290180e+01,7.400196275163168025e+01,2.500000000000000000e-01,5.820166707038879395e+01
4.320000000000000000e+02,5.198855216711613991e+01,7.399802512966144263e+01,2.500000000000000000e-01,5.829724144935607910e+01
4.330000000000000000e+02,4.656084892786738294e+01,7.399594419975539950e+01,2.500000000000000000e-01,5.838812732696533203e+01
4.340000000000000000e+02,6.784439540241189093e+01,7.399572469715262457e+01,2.500000000000000000e-01,5.848064136505126953e+01
4.350000000000000000e+02,4.393224627795611781e+01,7.399539413138553812e+01,2.500000000000000000e-01,5.856873607635498047e+01
4.360000000000000000e+02,4.996425866209049360e+01,7.399726896452906999e+01,2.500000000000000000e-01,5.865591764450073242e+01
4.370000000000000000e+02,4.670886954180664929e+01,7.399980156664396702e+01,2.500000000000000000e-01,5.874189829826354980e+01
4.380000000000000000e+02,4.251926055300487661e+01,7.400115042904381824e+01,2.500000000000000000e-01,5.882797098159790039e+01
4.390000000000000000e+02,3.504672607817398244e+01,7.400165531868084656e+01,2.500000000000000000e-01,5.891416788101196289e+01
4.400000000000000000e+02,5.166255175177688841e+01,7.400197503239766661e+01,2.500000000000000000e-01,5.899883127212524414e+01
4.410000000000000000e+02,4.424188560527115754e+01,7.400466185137389630e+01,2.500000000000000000e-01,5.908458042144775391e+01
4.420000000000000000e+02,3.949408051990565127e+01,7.400730465482938314e+01,2.500000000000000000e-01,5.917563009262084961e+01
4.430000000000000000e+02,4.526226762469654830e+01,7.400915504933196587e+01,2.500000000000000000e-01,5.926494050025939941e+01
4.440000000000000000e+02,3.345392218372712989e+01,7.401054249813483921e+01,2.500000000000000000e-01,5.935095548629760742e+01
4.450000000000000000e+02,4.094390754255046971e+01,7.400903074660045888e+01,2.500000000000000000e-01,5.944414854049682617e+01
4.460000000000000000e+02,5.361137275544093228e+01,7.400841213726270951e+01,2.500000000000000000e-01,5.953724718093872070e+01
4.470000000000000000e+02,4.786377444154289407e+01,7.401044179415667656e+01,2.500000000000000000e-01,5.962928128242492676e+01
4.480000000000000000e+02,6.996275173706280270e+01,7.401365906323768229e+01,2.500000000000000000e-01,5.972012901306152344e+01
4.490000000000000000e+02,4.216916416207076423e+01,7.402131686457127557e+01,2.500000000000000000e-01,5.981621003150939941e+01
4.500000000000000000e+02,3.765658149348968209e+01,7.402936012972601532e+01,2.500000000000000000e-01,5.991612958908081055e+01
4.510000000000000000e+02,3.496701900749890513e+01,7.403835271511087512e+01,2.500000000000000000e-01,6.000712275505065918e+01
4.520000000000000000e+02,5.706869579485140775e+01,7.404755637214228159e+01,2.500000000000000000e-01,6.009633803367614746e+01
4.530000000000000000e+02,5.085525561939607542e+01,7.405452535198284636e+01,2.500000000000000000e-01,6.018568181991577148e+01
4.540000000000000000e+02,4.076183932455543157e+01,7.406615415288916893e+01,2.500000000000000000e-01,6.027706003189086914e+01
4.550000000000000000e+02,4.021529909664990754e+01,7.408019053965715273e+01,2.500000000000000000e-01,6.036303186416625977e+01
4.560000000000000000e+02,4.152315759516559268e+01,7.409156394997044970e+01,2.500000000000000000e-01,6.045010519027709961e+01
4.570000000000000000e+02,4.137329169607839674e+01,7.410428471273529283e+01,2.500000000000000000e-01,6.055019021034240723e+01
4.580000000000000000e+02,4.147720104174833722e+01,7.411478745525377576e+01,2.500000000000000000e-01,6.063936424255371094e+01
4.590000000000000000e+02,6.226364708604604203e+01,7.412541788180720914e+01,2.500000000000000000e-01,6.072893977165222168e+01
4.600000000000000000e+02,3.092492092281119653e+01,7.413646448664685806e+01,2.500000000000000000e-01,6.081898069381713867e+01
4.610000000000000000e+02,5.320948030885524815e+01,7.415135572586507351e+01,2.500000000000000000e-01,6.091060590744018555e+01
4.620000000000000000e+02,4.039898860311436124e+01,7.416785812222818208e+01,2.500000000000000000e-01,6.099754762649536133e+01
4.630000000000000000e+02,4.129500626605846492e+01,7.418536067764654263e+01,2.500000000000000000e-01,6.108807039260864258e+01
4.640000000000000000e+02,3.657893228778659989e+01,7.420424088181285072e+01,2.500000000000000000e-01,6.117751836776733398e+01
4.650000000000000000e+02,5.727693068471621984e+01,7.422195117480214321e+01,2.500000000000000000e-01,6.126730251312255859e+01
4.660000000000000000e+02,4.365571717508097294e+01,7.423445440417543750e+01,2.500000000000000000e-01,6.135521960258483887e+01
4.670000000000000000e+02,3.672012628298748638e+01,7.424266363021952486e+01,2.500000000000000000e-01,6.144190096855163574e+01
4.680000000000000000e+02,3.460978451957011259e+01,7.424885841645667028e+01,2.500000000000000000e-01,6.153030085563659668e+01
4.690000000000000000e+02,4.249523702449690887e+01,7.425519111490264379e+01,2.500000000000000000e-01,6.161611294746398926e+01
4.700000000000000000e+02,4.866787664769177013e+01,7.425984788078754661e+01,2.500000000000000000e-01,6.170569038391113281e+01
4.710000000000000000e+02,4.200232408445984333e+01,7.425918475753736914e+01,2.500000000000000000e-01,6.179573535919189453e+01
4.720000000000000000e+02,3.267918712255500679e+01,7.426039997923987812e+01,2.500000000000000000e-01,6.188346481323242188e+01
4.730000000000000000e+02,4.881221090675447272e+01,7.425909295814693678e+01,2.500000000000000000e-01,6.197021627426147461e+01
4.740000000000000000e+02,2.847537265363504133e+01,7.425598936875269374e+01,2.500000000000000000e-01,6.205723786354064941e+01
4.750000000000000000e+02,3.838151346585494395e+01,7.424996368858587914e+01,2.500000000000000000e-01,6.214680504798889160e+01
4.760000000000000000e+02,4.122450003767153248e+01,7.424421476245115059e+01,2.500000000000000000e-01,6.223410344123840332e+01
4.770000000000000000e+02,3.319273684236085842e+01,7.424099739020601874e+01,2.500000000000000000e-01,6.232319498062133789e+01
4.780000000000000000e+02,3.724260677056789604e+01,7.423559954481837053e+01,2.500000000000000000e-01,6.241584539413452148e+01
4.790000000000000000e+02,3.380266667547954995e+01,7.422937404446177823e+01,2.500000000000000000e-01,6.250869369506835938e+01
4.800000000000000000e+02,3.556896320412518264e+01,7.422237361912614517e+01,2.500000000000000000e-01,6.260229825973510742e+01
4.810000000000000000e+02,3.590751403540031106e+01,7.421558855806799215e+01,2.500000000000000000e-01,6.269237494468688965e+01
4.820000000000000000e+02,2.338472883802189983e+01,7.421094909617238500e+01,2.500000000000000000e-01,6.278843998908996582e+01
4.830000000000000000e+02,3.221793570753003877e+01,7.420673403846734573e+01,2.500000000000000000e-01,6.287748122215270996e+01
4.840000000000000000e+02,3.255018265211275263e+01,7.420628610523208124e+01,2.500000000000000000e-01,6.296594619750976562e+01
4.850000000000000000e+02,4.810107903355638825e+01,7.420480747124480558e+01,2.500000000000000000e-01,6.305752444267272949e+01
4.860000000000000000e+02,2.833186325100972169e+01,7.420768682878416200e+01,2.500000000000000000e-01,6.314685297012329102e+01
4.870000000000000000e+02,3.680241233832929737e+01,7.421073397780941150e+01,2.500000000000000000e-01,6.323691987991333008e+01
4.880000000000000000e+02,3.632851788218914635e+01,7.421156774243232235e+01,2.500000000000000000e-01,6.332830166816711426e+01
4.890000000000000000e+02,3.909263803491233347e+01,7.421445912076053730e+01,2.500000000000000000e-01,6.341748976707458496e+01
4.900000000000000000e+02,3.334090503601468214e+01,7.421272897200046259e+01,2.500000000000000000e-01,6.350412535667419434e+01
4.910000000000000000e+02,3.885820470329011300e+01,7.420895978779724089e+01,2.500000000000000000e-01,6.359266161918640137e+01
4.920000000000000000e+02,3.277262933702971992e+01,7.420181250168606368e+01,2.500000000000000000e-01,6.368273806571960449e+01
4.930000000000000000e+02,3.301410648465953557e+01,7.419746819883775402e+01,2.500000000000000000e-01,6.377731823921203613e+01
4.940000000000000000e+02,4.032807162189792649e+01,7.419713845110068462e+01,2.500000000000000000e-01,6.386889624595642090e+01
4.950000000000000000e+02,3.028376130705402858e+01,7.420093070812107783e+01,2.500000000000000000e-01,6.396047449111938477e+01
4.960000000000000000e+02,3.682501363738776234e+01,7.420452716777094793e+01,2.500000000000000000e-01,6.404737615585327148e+01
4.970000000000000000e+02,4.565840731456293611e+01,7.421183746276426518e+01,2.500000000000000000e-01,6.413663673400878906e+01
4.980000000000000000e+02,2.874857309901002722e+01,7.421603491783230311e+01,2.500000000000000000e-01,6.423114562034606934e+01
4.990000000000000000e+02,5.049429285356453789e+01,7.421886545076831965e+01,2.500000000000000000e-01,6.432421541213989258e+01
5.000000000000000000e+02,4.862471435304669143e+01,7.422080268815071236e+01,2.500000000000000000e-01,6.441463494300842285e+01
